{
  "main": {
    "name": "Abu Sayeed",
    "occupation": "Full Stack Developer",
    "description": "I eat, sleep and breathe React",
    "image": "profilepic.jpg",
    "bio": "Hi there! I am Abu! You might also know me as PAPA React. I've been coding for over 10 years now. As a Full Stack developer I've worked both with startups and large corporations to help build & scale their companies. Along the journey I realised my passion existed in helping others excel and pursue their dreams as upcoming developers. With this passion, I have now trained thousand's of developers across the globe. Through live coaching sessions on Youtube, I have accumulated several MILLION views demonstrating how to apply developer skills in a range of cool builds and challenges. I deliver REAL VALUE by teaching REAL WORLD projects to help students enter the world of web development. You’ll get hands-on experience and learn the skills that are required to succeed in the real-world in this community.",
    "contactmessage": "Get in touch with me to be a part of the PAPA fam!",
    "email": "itplusplus0@gmail.com",
    "phone": "+88 01922644262",
    "address": {
      "street": "273/A, Mohammadia Housing",
      "city": "Dhaka",
      "state": "Bangladesh",
      "zip": "1207"
    },
    "website": "https://www.papareact.com/course",
    "resumedownload": "http://papareact.com",
    "social": [
      {
        "name": "facebook",
        "url": "https://www.facebook.com/sonny.sangha.3",
        "className": "faFacebook"
      },
      {
        "name": "linkedin",
        "url": "https://www.linkedin.com/in/saajansangha",
        "className": "faLinkedin"
      },
      {
        "name": "instagram",
        "url": "https://www.instagram.com/ssssangha/",
        "className": "faInstagram"
      },
      {
        "name": "github",
        "url": "https://github.com/PapaReact",
        "className": "faGithub"
      }
    ]
  },
  "resume": {
    "skillmessage": "My Programming Language Proficiency",
    "education": [
      {
        "school": "Khulna University - Bangladesh",
        "degree": "Bachelor's Degree, Electronics and ommunication Engineering",
        "graduated": "July 2014",
        "description": "Graduated with First Class Honours"
      }
    ],
    "work": [
      {
        "company": "Navana Group",
        "title": "Full Stack Developer",
        "years": "February 2018 - Present",
        "description": "Cloning all the apps possible. On the way to clone the world! Building the PAPA Fam as large as possible."
      }
    ],
    "skills": [
      {
        "name": "ReactJs",
        "level": "100%"
      },
      {
        "name": "Python",
        "level": "85%"
      },
      {
        "name": "Git",
        "level": "70%"
      },
      {
        "name": "JavaScript",
        "level": "99%"
      },
      {
        "name": "Web Development",
        "level": "95%"
      }
    ]
  },
  "portfolio": {
    "projects": [
      {
        "title": "Snapchat Clone (React JS)",
        "category": "",
        "image": "snapchat.jpg",
        "url": "https://youtu.be/1kGISk5ft2w"
      },
      {
        "title": "Gmail Clone (React JS)",
        "category": "",
        "image": "gmail.jpg",
        "url": "https://youtu.be/b7nrXjS6Dqs"
      },
      {
        "title": "LinkedIn Clone (React JS)",
        "category": "",
        "image": "linkedin.jpg",
        "url": "https://youtu.be/QaYts9sPmcY"
      },
      {
        "title": "LinkedIn Clone (React JS)",
        "category": "",
        "image": "linkedin.jpg",
        "url": "https://youtu.be/QaYts9sPmcY"
      },
      {
        "title": "LinkedIn Clone (React JS)",
        "category": "",
        "image": "linkedin.jpg",
        "url": "https://youtu.be/QaYts9sPmcY"
      },
      {
        "title": "LinkedIn Clone (React JS)",
        "category": "",
        "image": "linkedin.jpg",
        "url": "https://youtu.be/QaYts9sPmcY"
      },
      {
        "title": "LinkedIn Clone (React JS)",
        "category": "",
        "image": "linkedin.jpg",
        "url": "https://youtu.be/QaYts9sPmcY"
      }
    ]
  },
  "testimonials": {
    "testimonials": [
      {
        "text": "Sonny is absolutely excellent, his depth of knowledge & his mentorship really meant a lot to us... I would definitely recommend",
        "user": "Mo Ismail",
        "deg":"CEO - Lynck"
      },
      {
        "text": "Learning with Sonny has been AWESOME, he makes learning React so easy and approachable, you'll finally feel like you know what's going on!",
        "user": "Adam Curtis",
        "deg":"CEO - Lynck"
      },
      {
        "text": "Learning with Sonny has been AWESOME, he makes learning React so easy and approachable, you'll finally feel like you know what's going on!",
        "user": "Adam Curtis",
        "deg":"CEO - Lynck"
      },
      {
        "text": "Learning with Sonny has been AWESOME, he makes learning React so easy and approachable, you'll finally feel like you know what's going on!",
        "user": "Adam Curtis",
        "deg":"CEO - Lynck"
      },
      {
        "text": "Learning with Sonny has been AWESOME, he makes learning React so easy and approachable, you'll finally feel like you know what's going on!",
        "user": "Adam Curtis",
        "deg":"CEO - Lynck"
      }
    ]
  }
}
